category,segment,order_lines,distinct_orders,units,revenue,cogs,gross_profit,total_discount,promo_line_share,gross_margin,aov_proxy
Streetwear,Everyday,182533,181514,819449,5376848662.27,4615280157.290509,761568504.9794904,229393745.66,0.37115480488459623,0.14163844899029965,29622.225625957228
Streetwear,Balanced,103333,103023,464217,5127408523.48,4469081905.229431,658326618.2505687,227090557.59,0.381330262355685,0.12839363495923647,49769.551687293126
Streetwear,Performance,96730,96303,435685,2390412021.17,2111335495.5234504,279076525.64654964,105382688.99,0.37450635790344255,0.11674829409113921,24821.781472747476
Outdoor,Activewear,228954,169972,1030535,2014751365.81,1658737030.4337835,356014335.37621653,115566469.49,0.4202459882771212,0.1767038560775892,11853.430952215658
Outdoor,Premium,31032,30944,139465,480131388.39,427625674.4036328,52505713.9863672,25919487.85,0.3906934777004383,0.10935697031271363,15516.138456243536
Casual,All-weather,22570,22553,101147,427584524.98,380916033.4761569,46668491.503843084,18819409.57,0.33655294638901195,0.10914448203200519,18959.097458431253
GenZ,Trendy,37159,37054,166848,343599095.36,277873798.15126747,65725297.20873251,14888919.71,0.3291800102263247,0.1912848377550877,9272.928573433368
Streetwear,Standard,10937,10924,49475,236677145.7,196972029.58033034,39705116.11966967,11002261.21,0.3922465026972662,0.16776066823958521,21665.795102526547
Casual,Activewear,1421,1047,6322,33063858.37,25628395.039301753,7435463.330698248,1543780.03,0.3370865587614356,0.22488190118321777,31579.616399235914
